task_id,purchase_number,title,amount_rub,rule_category,anomaly_flags,llm_category,category_confidence,single_supplier_signal,unsupported_inference_terms,needs_manual_review,observation,interpretation,significance,limitation
purchase-53266154,53266154,Спортивный инвентарь,497701.19,other,same_subject_price_jump,Закупка спортивного инвентаря с флагом аномалии 'same_subject_price_jump',0.95,,,0,"В документе указана закупка спортивного инвентаря у ПАО Сбербанк России на сумму 497 701,19 руб. от 29 декабря 2025 года. В поле anomaly_flags присутствует флаг 'same_subject_price_jump'.","Наличие флага 'same_subject_price_jump' является сигналом о потенциальном риске в ценообразовании или изменении объема закупки, требующим проверки истории закупок данного субъекта для подтверждения обоснованности цены.",Подтверждение этого риска может повлиять на оценку эффективности расходования средств и необходимость проведения дополнительного анализа рыночных цен.,"Отсутствуют данные о предыдущих закупках, исторических ценах или спецификациях товара для сравнения; факт аномалии является лишь предварительным указанием системы."
purchase-31312397,31312397,Спортивный инвентарь,95000.0,other,same_subject_price_jump,Закупка спортивного инвентаря с флагом аномалии по цене/субъекту,0.85,,единственного поставщика|прозрачн,1,"В документе указана закупка спортивного инвентаря у СИБИРСКИЙ БАНК ПАО СБЕРБАНК на сумму 95000 рублей, дата 2025-12-18. Присутствует аномальный флаг same_subject_price_jump.",Флаг требует проверки: возможно изменение цены по сравнению с предыдущими закупками или наличие единственного поставщика без обоснования конкуренции.,"Необходимо подтвердить, что цена соответствует рыночному уровню и процедура была прозрачной.","Отсутствуют данные о предыдущих закупках, исторических ценах на аналогичный инвентарь или количестве поставщиков для сравнения."
purchase-60223025,60223025,Фото и видеооборудование,340638.0,other,cancelled_then_republished,,,,корруп|нарушен|неэффектив,1,В документе указано наличие флага аномалии 'cancelled_then_republished' (отмена и повторная публикация) для закупки фото- и видеооборудования на сумму 340638 рублей у ПАО Сбербанк России. Дата публикации указана как 2025-11-01.,"Флаг 'cancelled_then_republished' является сигналом, требующим проверки подлинности и обоснованности повторной публикации закупки. Необходимо установить причины отмены предыдущей процедуры (например, несоответствие заявок или ошибки в документации) и убедиться, что новая процедура проведена корректно.",Повторная публикация может указывать на необходимость пересмотра условий контракта или изменения требований к поставщику. Это требует внимательного анализа истории изменений закупки для исключения нарушений законодательства о контрактной системе.,"В предоставленных данных отсутствует история предыдущих объявлений, детали отмены и причины повторной публикации. Отсутствие этих фактов не позволяет сделать вывод об наличии коррупционных схем или неэффективных расходов."
purchase-33982455,33982455,Фото и видеооборудование,364560.0,other,cancelled_procedure|cancelled_then_republished,,,,,0,"В документе зафиксированы флаги аномалий: 'cancelled_procedure' (отмененная процедура) и 'cancelled_then_republished' (повторное опубликование после отмены). Сумма закупки составляет 364560.0 руб., предмет — фото и видеооборудование, заказчик — ПАО Сбербанк России.",,,Для формирования вывода о причинах отмены процедуры или наличии рисков требуется доступ к полному тексту извещения с описанием причин отказа и деталями повторного размещения.
purchase-127115094,127115094,Мебель для рекреационных зон,388500.0,other,cancelled_then_republished,Закупка мебели для рекреационных зон с флагом отмены и повторного размещения,0.95,,корруп|нарушен|неэффектив,1,"В документе указана закупка ПАО Сбербанк России на сумму 388 500 рублей по предмету «Мебель для рекреационных зон». В поле anomaly_flags присутствует флаг cancelled_then_republished (отмена и повторное размещение), а категория rule_category имеет значение other. Дата публикации — 2025-07-10.","Наличие флага отмены и последующего повторного размещения указывает на необходимость проверки причин изменения условий закупки или отказа в первоначальном размещении. Это требует дополнительной верификации документов для понимания контекста изменений, однако не подтверждает наличие нарушений, коррупции или неэффективных расходов.",Требуется обязательная проверка подлинности и полноты пакета документации по данной закупке перед принятием решений о участии или анализе эффективности расходования средств. Флаг является сигналом для углубленного аудита процедуры.,"В предоставленных данных отсутствуют информация об исходном поставщике, причинах отмены первой публикации, итоговой цене контракта и условиях повторного размещения. Все выводы ограничены только фактом наличия флага в метаданных уведомления."
purchase-75248139,75248139,Мебель для рекреационных зон,388500.0,other,cancelled_procedure|cancelled_then_republished,Закупка мебели для рекреационных зон с историей отмены процедуры,0.95,,единственного поставщика|неэффектив|сговор,1,"В документе указана закупка ПАО Сбербанк России на сумму 388 500 рублей по предмету «Мебель для рекреационных зон». В поле anomaly_flags присутствуют значения 'cancelled_procedure' и 'cancelled_then_republished', что свидетельствует о том, что процедура была отменена и затем опубликована повторно. Дата закупки указана как 2025-07-09.","Наличие флагов отмены процедуры указывает на необходимость проверки причин их возникновения (например, несоответствие требованиям закона или ошибка в документации). Повторная публикация может свидетельствовать о корректировке условий контракта после устранения выявленных недостатков. Отсутствие данных об участниках и итоговой стоимости не позволяет сделать выводы о наличии единственного поставщика.","Требуется дополнительная верификация документа для подтверждения законности повторной публикации закупки, анализа причин отмены предыдущей процедуры и проверки соответствия новых условий законодательству о контрактной системе. Необходимо убедиться, что процедура не нарушала права участников при первой попытке.","В предоставленных данных отсутствуют информация об участниках закупочного процесса, итоговой цене контракта (если она отличается от начальной), причинах отмены процедуры и результатах повторной публикации. Это ограничивает возможность оценки рисков сговора или неэффективных расходов."
purchase-93118603,93118603,Напольный мольберт,15500.0,other,cancelled_then_republished,Закупка товаров (мольберт),0.95,,,0,"В документе указана закупка напольного мольберта у ПАО Сбербанк России на сумму 15 500 рублей от 2025-07-04. В списке флагов аномалий присутствует запись 'cancelled_then_republished' (отменена, затем опубликована повторно).",Флаг 'cancelled_then_republished' указывает на изменение статуса закупки после её публикации или отмены и повторного размещения. Это требует проверки причин изменения условий.,"Необходимо установить причины перепубликации: была ли ошибка в исходных данных, изменились требования к поставщику или возникли технические сбои при размещении извещения.","В предоставленных данных отсутствуют детали о причинах отмены и повторной публикации, а также информация об участниках закупки после её изменения."
purchase-81215614,81215614,Напольный мольберт,15500.0,other,cancelled_procedure|cancelled_then_republished,Закупка товаров (мольберт),0.95,,нарушен|неэффектив|прозрачн,1,"В документе указана закупка напольного мольберта у ПАО Сбербанк России на сумму 15 500 рублей от 2025-07-04. В поле anomaly_flags присутствуют значения 'cancelled_procedure' и 'cancelled_then_republished', что указывает на факт отмены процедуры с последующим повторным опубликованием.","Наличие флагов, указывающих на отмену и повторное размещение закупки, требует проверки причин таких действий. Это может быть связано с ошибками в техническом задании, изменением рыночных условий или необходимостью пересмотра критериев выбора поставщика.","Повторные публикации могут свидетельствовать о снижении прозрачности процесса при отсутствии четкого обоснования изменений, что требует дополнительного анализа документации для исключения неэффективных расходов или нарушений правил закупок.","В предоставленных данных отсутствуют детали отмены (причины), информация об участниках процедуры и итоговых результатах. Флаги аномалий следует рассматривать как сигналы к проверке, а не как подтвержденные факты нарушения."
purchase-73355679,73355679,Товарно-материальные ценности,136586.0,other,cancelled_procedure,Отмена процедуры закупки (Другое),0.95,,единственного поставщика,1,"В документе указана процедура закупки у ПАО Сбербанк России на сумму 136 586 рублей с предметом «Товарно-материальные ценности», датированная 01.07.2025. В поле anomaly_flags присутствует флаг 'cancelled_procedure', указывающий на отмену процедуры.","Наличие флага 'cancelled_procedure' свидетельствует о том, что процедура закупки была прекращена до завершения или после объявления результатов (в зависимости от контекста полного текста, который отсутствует). Это требует проверки причин отмены и статуса контракта. Отсутствие информации об участниках, победителях или итоговой стоимости в текущем фрагменте не позволяет сделать выводы о наличии единственного поставщика.","Отмена процедуры может указывать на необходимость пересмотра условий закупки, изменения бюджета, отсутствия подходящих заявок или административных решений. Для финансового контроля важно установить причину отмены и убедиться, что она была законной.","Анализ ограничен предоставленными метаданными (заголовок, сумма, флаг). Отсутствует полный текст извещения, содержащий информацию о причинах отмены, дате публикации, количестве заявок или деталях предмета закупки. Факт отмены является флагом системы и требует верификации по официальным источникам."
purchase-34827360,34827360,Поставка сетевого фильтра Power Cube SPG6-B-3M Black,25000.0,it_and_telecom,,IT и телекоммуникации (поставка оборудования),0.95,,прозрачн,1,"В документе указана закупка на сумму 25 000 рублей у компании АКЦИОНЕРНОЕ ОБЩЕСТВО ""СБЕРБАНК-АВТОМАТИЗИРОВАННАЯ СИСТЕМА ТОРГОВ"" с предметом поставки сетевого фильтра Power Cube SPG6-B-3M Black. Дата закупки указана как 2025 год.","Запрос на поставку конкретного модели оборудования (Power Cube) может указывать на возможность использования специфических требований заказчика или наличия у него предпочтительного источника, однако отсутствие фактов о единственном участнике в тексте требует проверки. Сумма закупки относительно невелика для корпоративной структуры.","Необходимо проверить наличие других участников торгов и обоснование выбора именно этой модели оборудования (Power Cube), чтобы исключить необоснованное ограничение конкуренции или завышение цены при наличии аналогов.","В предоставленных данных отсутствуют информация о количестве поставщиков, условиях контракта, истории закупок у данного контрагента и результатах анализа рынка. Факт отсутствия флагов аномалий в исходных данных не является подтверждением прозрачности процедуры."
purchase-126654667,126654667,Приобретение ноутбука Lenovo V15 G4,60000.0,it_and_telecom,cancelled_procedure|cancelled_then_republished,IT и телекоммуникации (закупка оборудования),0.95,,корруп|нарушен,1,"В документе указана закупка ноутбука Lenovo V15 G4 на сумму 60 000 рублей для АО ""СБЕРБАНК-АВТОМАТИЗИРОВАННАЯ СИСТЕМА ТОРГОВ"". В поле anomaly_flags присутствуют значения 'cancelled_procedure' и 'cancelled_then_republished', что указывает на отмену предыдущей процедуры закупки и ее повторное опубликование.","Наличие флагов, указывающих на отмену и перепубликацию, является сигналом о том, что процедура была изменена после первоначального объявления. Это требует проверки причин отмены (например, несоответствие требованиям участников или ошибка в документации) для оценки влияния на конкуренцию.","Отмена процедуры может свидетельствовать о попытке изменить условия закупки или исправить ошибки, однако без дополнительных данных нельзя утверждать наличие нарушений закона или коррупции. Необходима верификация документа и анализ причин отмены.","В предоставленных входных данных отсутствуют информация об участниках закупочной процедуры, итоговой цене контракта (если она изменилась), причинах отмены и результатах повторного конкурса. Следовательно, выводы о наличии аномалий или нарушений носят предварительный характер."
purchase-102395652,102395652,Приобретение ноутбука Lenovo V15 G4,60000.0,it_and_telecom,cancelled_then_republished,IT и телекоммуникации (закупка оборудования),0.95,,прозрачн,1,"В документе указана закупка ноутбука Lenovo V15 G4 на сумму 60 000 рублей для АО ""СБЕРБАНК-АВТОМАТИЗИРОВАННАЯ СИСТЕМА ТОРГОВ"". В поле anomaly_flags присутствует флаг 'cancelled_then_republished', указывающий на отмену и повторную публикацию извещения.","Наличие флага 'cancelled_then_republished' является сигналом, требующим проверки подлинности документа. Отмена может быть связана с изменением технических требований, ошибками в исходных данных или попыткой скрыть предыдущие условия закупки. Сумма сделки (60 000 руб.) не позволяет однозначно оценить рыночную аномалию без сравнения с историческими данными по аналогичному оборудованию.",Необходимо запросить у заказчика пояснения относительно причин отмены предыдущего извещения и обоснование необходимости повторной публикации. Это важно для обеспечения прозрачности процедуры закупки и предотвращения манипуляций с условиями контракта.,"В предоставленных данных отсутствуют информация о дате первоначальной публикации, причинах отмены, количестве участников в первой попытке или рыночных ценах на аналогичное оборудование, что ограничивает возможность детального анализа аномалии."
purchase-124040848,124040848,Оказание услуг питания,99000.0,logistics_and_facilities,same_subject_price_jump,логистика и инфраструктура (питание),0.95,,нарушен,1,"В документе указана закупка услуг питания на сумму 99 000 рублей от АО ""СБЕРБАНК-АВТОМАТИЗИРОВАННАЯ СИСТЕМА ТОРГОВ"". В поле anomaly_flags присутствует флаг same_subject_price_jump, указывающий на потенциальный скачок цены у одного и того же субъекта.","Наличие флага same_subject_price_jump является сигналом о необходимости проверки истории закупок для данного заказчика или категории услуг питания. Резкий рост цены может свидетельствовать об изменении рыночных условий, специфических требованиях к поставке или отсутствии конкуренции на данном этапе, но не подтверждает факт нарушения закона.",Требует детального анализа предыдущих контрактов с этим заказчиком для подтверждения обоснованности изменения цены и выявления причин скачка стоимости услуг питания.,"Отсутствуют данные о конкретном поставщике, истории цен за прошлые периоды и условиях рынка в момент составления заявки. Флаг anomaly_flags трактуется как предварительный сигнал, требующий документальной верификации."
purchase-105075646,105075646,Оказание услуг питания,44900.0,logistics_and_facilities,same_subject_price_jump,логистика и инфраструктура (питание),0.95,,корруп|нарушен,1,"В документе указана закупка услуг питания на сумму 44 900 рублей от АО ""СБЕРБАНК-АВТОМАТИЗИРОВАННАЯ СИСТЕМА ТОРГОВ"". В поле anomaly_flags присутствует флаг same_subject_price_jump, указывающий на возможное резкое изменение цены по сравнению с предыдущими сделками.","Наличие флага price_jump требует проверки истории закупок у данного поставщика для подтверждения факта скачка стоимости или изменения объема работ. Это может свидетельствовать о необходимости пересмотра условий контракта, но не является доказательством нарушения закона без сравнения с базой данных предыдущих лотов.",Необходимо провести верификацию документа и запросить историю цен у поставщика для исключения необоснованного завышения стоимости услуг питания в текущем периоде.,"Отсутствуют данные о предыдущих закупках, количестве участников тендера или детализации состава работ, что не позволяет подтвердить факт нарушения законодательства или коррупционной составляющей."
purchase-86398313,86398313,СРОЧНО! Изготовление блокнотов с логотипом компании,54642.0,other,cancelled_procedure,Закупка канцелярских товаров и сувенирной продукции с флагом отмены процедуры,0.85,,,0,"В документе указана закупка на сумму 54642 рублей у АО ""СБЕРБАНК-АВТОМАТИЗИРОВАННАЯ СИСТЕМА ТОРГОВ"" с заголовком 'Изготовление блокнотов'. В поле anomaly_flags присутствует флаг 'cancelled_procedure', указывающий на отмену процедуры. Дата закупки 2025-03-04.","Наличие флага 'cancelled_procedure' свидетельствует о том, что процедура закупок была прекращена или аннулирована после объявления. Это может быть связано с изменением потребностей заказчика, ошибками в документации или другими причинами, требующими проверки контекста отмены.",Отмена процедуры требует выяснения причин для предотвращения повторения подобных ситуаций и оценки эффективности использования бюджетных средств на данном этапе.,"В предоставленных данных отсутствуют подробности о причине отмены (например, отсутствие заявок или изменение ТЗ), поэтому интерпретация носит предварительный характер."
purchase-95505294,95505294,Пластиковые лотки для складского хранения,0.0,other,cancelled_procedure,Закупка товаров (пластиковые лотки),0.95,,,0,"В документе указана закупка пластиковых лотков для складского хранения у ООО ""СБЕРБАНК-СЕРВИС"" на сумму 0 рублей с флагом аномалии 'cancelled_procedure' (аннулированная процедура). Дата публикации — 29 декабря 2025 года.","Флаг 'cancelled_procedure' указывает на то, что данная закупочная процедура была прекращена или отменена. Отсутствие суммы контракта и статуса победителя подтверждает незавершенность процесса в момент фиксации данных.","Аномалия требует дополнительной проверки для выяснения причин аннулирования (например, несоответствие требованиям закона, ошибка в документации) и определения текущего статуса закупки.","В предоставленных входных данных отсутствуют информация о победителе, итоговой стоимости контракта или причинах отмены процедуры. Факт аномалии является лишь указанием на необходимость верификации документа."
purchase-37661500,37661500,Поддон деревянный 1200*800 б\у 2 сорт,0.0,other,cancelled_procedure,,,False,,0,"В документе указано наличие флага аномалии 'cancelled_procedure' (отмененная процедура) для закупки поддона деревянного б/у у ООО ""СБЕРБАНК-СЕРВИС"". Сумма контракта не указана.","Флаг отмены процедуры требует проверки: необходимо установить причину отмены, статус текущего тендерного процесса и наличие новых участников или условий закупки.","Отмена процедуры может указывать на необходимость пересмотра параметров закупки (например, спецификации товара) или выявление ошибок в планировании до начала торгов.","В предоставленных данных отсутствуют информация о дате отмены, причине отказа и статусе повторного размещения извещения; требуется доступ к полному тексту документации для верификации фактов."
purchase-86803403,86803403,Стрейч-плёнка 20 мкм 50 см*100м,0.0,other,cancelled_procedure,Отмена процедуры закупки,0.95,,нарушен,1,В документе указана процедура с номером 86803403 от 18 декабря 2025 года на поставку стрейч-плёнки. Поле суммы закупки имеет значение 0 рублей. В списке флагов аномалий присутствует отметка 'cancelled_procedure' (отмена процедуры).,"Факт отмены процедуры является констатацией текущего статуса заявки, однако отсутствие указанной стоимости и деталей о причинах отмены не позволяет сделать выводы об эффективности расходов или наличии нарушений.","Отсутствие финансовой оценки делает невозможным анализ ценовых рисков на данном этапе. Статус 'отменена' требует дополнительной проверки для понимания причин (технические ошибки, изменение потребностей заказчика и т.д.).",Данные о сумме закупки отсутствуют или некорректно заполнены как нулевые; отсутствует информация об участниках процедуры и причинах её отмены.
purchase-101471954,101471954,Закупка батарей для СХД Dell,0.0,other,cancelled_procedure,Закупка оборудования для систем хранения данных (СХД),0.95,,нарушен,1,В документе указана закупка батарей для СХД Dell на сумму 0 рублей с флагом аномалии 'cancelled_procedure' (отмененная процедура). Дата публикации — 15 декабря 2025 года.,"Флаг отмены процедуры указывает на прекращение текущего этапа закупки. Отсутствие суммы может свидетельствовать о том, что контракт еще не заключен или сумма была изменена/не указана в заголовке уведомления. Требуется проверка статуса процедуры для понимания причин её отмены и наличия новых объявлений.","Отмена процедуры требует анализа на предмет соблюдения законодательства о закупках: были ли законные основания, уведомлены ли участники, не нарушены ли сроки публикации нового извещения.","В предоставленных данных отсутствует информация об участниках торгов, итоговой сумме контракта или причинах отмены. Сумма в поле 'amount_rub' равна нулю, что может быть артефактом формата заголовка уведомления, а не отражением реального финансового объема."
purchase-25918790,25918790,Срочно. Поставка кофе-машин,0.0,other,cancelled_procedure,,,False,прозрачн,1,"В документе указано наличие флага аномалии 'cancelled_procedure' (отмененная процедура) для закупки с номером 25918790 у клиента ООО ""СБЕРБАНК-СЕРВИС"". Сумма контракта указана как 0,0 руб., что может свидетельствовать о предварительном этапе или ошибке в данных.","Флаг 'cancelled_procedure' является сигналом для проверки: необходимо установить причину отмены процедуры (например, несоответствие требованиям участников, ошибка в документации) и определить статус закупки на текущий момент. Отсутствие суммы контракта требует уточнения фактических параметров сделки.","Отмена процедуры может указывать на необходимость пересмотра условий тендера или изменения поставщиков, что влияет на прозрачность процесса закупок и сроки получения товара (кофе-машин).","Данные отсутствуют для подтверждения фактов отмены: нет информации о дате отмены, причине отказа в участии конкретных компаний, итоговой стоимости контракта после пересмотра или статусе новой процедуры. Требуется доступ к полному тексту извещения и протоколам рассмотрения заявок."
purchase-101977184,101977184,Оказание услуг по проведению специальных психофизиологических исследований с использованием полиграфа,0.0,professional_services,cancelled_procedure,профессиональные услуги (психологические исследования/полиграфия),0.95,,нарушен,1,"В документе указано название закупки 'Оказание услуг по проведению специальных психофизиологических исследований с использованием полиграфа', заказчик — ООО ""СБЕРБАНК-СЕРВИС"", дата публикации — 2025-11-27. В поле amount_rub значение равно 0,0. Присутствует флаг аномалии 'cancelled_procedure'.","Флаг 'cancelled_procedure' указывает на то, что процедура закупки была отменена или прекращена до заключения контракта. Отсутствие суммы (0,0) может свидетельствовать о том, что контракт еще не заключен, сумма определена позже, либо документ является уведомлением об отмене без фиксации цены.","Отмена процедуры требует проверки причин: были ли выявлены нарушения законодательства, технические ошибки в документации или изменение потребностей заказчика. Отсутствие суммы затрудняет оценку экономической эффективности на текущем этапе.",Для полной оценки ситуации необходимо получить доступ к полному тексту закупочной документации и официальным уведомлениям об отмене процедуры для выяснения причин прекращения процесса.
purchase-77661112,77661112,Заключение договора на предоставление Интернета,0.0,it_and_telecom,,IT и телекоммуникации (Интернет-соединение),0.95,,,0,"В документе указано заключение договора на предоставление услуг Интернета для ООО ""СБЕРБАНК-СЕРВИС"" от 27 ноября 2025 года. Сумма контракта указана как 0 рублей.","Отсутствие суммы в заявке может указывать на то, что это предварительное уведомление о закупке (тендер), где цена определяется победителем аукциона или путем переговоров, либо данные еще не заполнены. Отсутствие флагов аномалий предполагает стандартную процедуру.",Документ требует верификации для подтверждения наличия конкурентной процедуры и определения итоговой стоимости контракта перед публикацией результатов закупки.,"Анализ ограничен предоставленными метаданными; отсутствуют информация о потенциальных поставщиках, условиях договора или результатах оценки заявок."
purchase-59304153,59304153,Запрос КП (ЗИП для печатной техники),0.0,other,cancelled_procedure,Запрос коммерческого предложения (ЗИП для печатной техники),0.95,,корруп|нарушен|сговор,1,"В документе зафиксирован запрос КП на поставку ЗИП для печатной техники от ООО ""СБЕРБАНК-СЕРВИС"". Указана дата публикации (2025-11-24). В поле суммы указано значение 0,0 руб., что не позволяет оценить стоимость контракта по тексту объявления. Присутствует флаг аномалии 'cancelled_procedure'.","Флаг 'cancelled_procedure' указывает на то, что процедура закупки была прекращена или отменена до момента заключения договора. Отсутствие суммы в объявлении является стандартной практикой для запросов КП (запрос цен), где цена формируется после получения предложений поставщиков и не фиксируется заранее.","Отсутствие подтвержденных фактов о нарушении законодательства, коррупции или сговора на основании данного объявления. Флаг отмены процедуры требует проверки причин её прекращения: была ли она связана с отсутствием заявок, несоответствием требованиям или стратегическим решением заказчика.","Анализ ограничен только текстом уведомления и метаданными (флагами). Отсутствуют данные о результатах рассмотрения предложений поставщиков, причинах отмены процедуры и итоговой стоимости закупки. Требуется доступ к полному пакету документов для верификации статуса сделки."
purchase-114992272,114992272,Заключение договора на предоставление Интернета,0.0,it_and_telecom,,IT и телекоммуникации (Интернет-соединение),0.95,,нарушен,1,"В документе указано заключение договора на предоставление услуг Интернета для ООО ""СБЕРБАНК-СЕРВИС"" от 20 ноября 2025 года. Сумма контракта указана как 0 рублей.","Отсутствие суммы (0.0) в официальном извещении о закупке является аномалией, так как для заключения договора обычно требуется определенная стоимость услуг или бюджетное планирование. Отсутствие флага нарушения не подтверждает законность процедуры без проверки полноты данных.","Необходимо провести верификацию документа: уточнить наличие суммы контракта в исходных источниках, проверить статус закупки (на стадии извещения или уже завершена) и подтвердить отсутствие ошибок при формировании заявки.","Анализ ограничен предоставленными данными; отсутствуют информация о потенциальных поставщиках, условиях договора и истории закупок у данного заказчика."
purchase-31786099,31786099,Закупка термоголовок Custom,0.0,other,cancelled_procedure,Закупка термоголовок Custom (другая категория),0.85,,,0,"В документе указана закупка термоголовок с суммой в рублях равной нулю и флагом аномалии 'cancelled_procedure' (отмененная процедура). Дата публикации — 2025-11-20. Информация о поставщике, итоговой стоимости контракта или победителе отсутствует.","Флаг отмены процедуры указывает на то, что данный тендер не был завершен успешно в текущей форме. Отсутствие суммы и данных о поставщиках подтверждает статус незавершенного или аннулированного процесса. Требуется дополнительная проверка для выяснения причин отмены (например, несоответствие заявок требованиям).","Отмена процедуры может свидетельствовать об ошибках в планировании закупки, отсутствии подходящих предложений на рынке или изменении потребностей заказчика до завершения этапа оценки.","Данные ограничены только заголовком и флагом аномалии. Отсутствует доступ к полному тексту извещения, поэтому невозможно подтвердить причины отмены или наличие скрытых участников."
purchase-128712642,128712642,Заключение договора на предоставление Интернета,0.0,it_and_telecom,,IT и телекоммуникации: подключение к сети Интернет,0.95,,,0,"В документе указано заключение договора на предоставление услуг Интернета для ООО ""СБЕРБАНК-СЕРВИС"" от 19 ноября 2025 года. Сумма контракта указана как 0 рублей.","Отсутствие суммы контракта (значение 0) является фактом, указанным в исходных данных; это может означать отсутствие информации о стоимости на момент публикации или ошибку заполнения поля. Отсутствие флагов аномалий не подтверждает корректность процедуры закупки без проверки полноты документа.","Необходимо провести верификацию полного текста извещения для подтверждения суммы контракта и выявления потенциальных рисков, связанных с отсутствием финансовой информации или неполными данными о поставщиках.","Анализ ограничен только предоставленными полями JSON; отсутствуют данные об участниках закупки, условиях конкурса и исторических ценах на аналогичные услуги."
purchase-102938025,102938025,Салфетки антибактериальные,0.0,other,cancelled_procedure,,,False,корруп|нарушен,1,"В документе указано название закупки 'Салфетки антибактериальные', сумма составляет 0.0 рублей, а статус процедуры помечен флагом anomaly_flags: ['cancelled_procedure']. Дата публикации указана как 2025-11-17.","Флаг cancelled_procedure указывает на отмену закупочной процедуры. Отсутствие суммы (0.0) может свидетельствовать о том, что процедура не была завершена или данные еще не заполнены корректно в источнике данных.","Отмена процедуры требует проверки причин: возможно, были выявлены нарушения законодательства, отсутствие конкуренции или технические ошибки при публикации.",Для точной оценки ситуации необходимо получить полный текст извещения закупки и документы о причинах отмены. Текущие данные недостаточны для вывода о виновных сторонах или конкретных фактах коррупции.
purchase-118042973,118042973,Поставка средств индивидуальной защиты,0.0,other,cancelled_procedure,Закупка средств индивидуальной защиты с отмененной процедурой,0.95,,нарушен,1,"В документе указана закупка у ООО ""СБЕРБАНК-СЕРВИС"" на поставку средств индивидуальной защиты с суммой в размере 0 рублей. В поле anomaly_flags присутствует флаг 'cancelled_procedure', указывающий на отмену процедуры.","Наличие флага 'cancelled_procedure' свидетельствует о том, что процедура закупки была прекращена или аннулирована до завершения. Отсутствие суммы (0.0) может означать отсутствие утвержденного бюджета на текущий момент, ошибку в данных или предварительный статус заявки.","Отмена процедуры требует проверки причин: это могло быть связано с изменением потребностей заказчика, отсутствием подходящих предложений от участников рынка или выявлением нарушений при планировании. Отсутствие финансовой оценки затрудняет анализ эффективности расходов.","Данные не содержат информации о причинах отмены закупки, количестве потенциальных поставщиков, сроках процедуры и итоговом статусе (например, была ли проведена повторная процедура). Сумма в нуле делает невозможным расчет стоимости контракта или сравнение с рыночными ценами."
purchase-5706414,5706414,Запрос КП на поставку термоголовок для Custom,0.0,other,cancelled_procedure,Запрос коммерческого предложения на поставку термоголовок для Custom,0.95,,нарушен,1,"В документе указан запрос КП от ООО ""СБЕРБАНК-СЕРВИС"" на поставку термоголовок для Custom с датой 2025-11-12. В поле суммы указана величина 0.0 руб. Присутствует флаг аномалии 'cancelled_procedure'.","Флаг 'cancelled_procedure' указывает на отмену процедуры закупки, однако отсутствие данных о сумме и причинах отмены требует дополнительной проверки подлинности документа.",Необходимо подтвердить статус процедуры: была ли она действительно отменена или это техническая ошибка в системе. Отсутствие суммы делает невозможным анализ ценовых рисков на текущем этапе.,"Данные о сумме контракта отсутствуют (0.0), что ограничивает возможность оценки финансовой значимости закупки и выявления потенциальных нарушений законодательства о контрактной системе."
purchase-29473565,29473565,Закупка масляных обогревателей,0.0,other,cancelled_procedure,,,,,0,"В документе указана закупка масляных обогревателей у ООО ""СБЕРБАНК-СЕРВИС"" на сумму 0 рублей. В поле anomaly_flags присутствует флаг 'cancelled_procedure'.","Флаг 'cancelled_procedure' указывает на отмену процедуры, однако отсутствие суммы (0.0) и неясный статус категории требуют дополнительной проверки подлинности документа.",Необходимо подтвердить факт существования закупки и причину её аннулирования или отсутствия финансовых данных перед принятием решений о рисках.,"Отсутствуют данные об итоговой стоимости, дате завершения процедуры и причинах отмены; информация ограничена заголовком и флагом."
purchase-42851135,42851135,Закупка кабелей питания,0.0,logistics_and_facilities,cancelled_procedure,логистика и инфраструктура,0.95,,нарушен,1,В документе указана закупка кабелей питания на сумму 0 рублей с флагом аномалии 'отмененная процедура'. Дата публикации — 2025-11-05.,"Флаг 'cancelled_procedure' указывает на прекращение процедуры, однако отсутствие суммы и деталей закупки не позволяет подтвердить причины отмены или наличие рисков. Требуется дополнительная проверка для выяснения статуса сделки.",Отсутствие финансовых данных делает невозможной оценку эффективности расходов или выявления нарушений в рамках текущей информации.,"Информация ограничена заголовком и флагом аномалии; отсутствуют данные о поставщиках, условиях контракта и причинах отмены процедуры."
purchase-14581757,14581757,"Выполнение работ по ремонту офисной техники ООО ""Сбербанк-Сервис"" в г. Краснодар",490000.0,construction_and_repair,cancelled_procedure,строительные и ремонтные работы,0.95,,нарушен,1,"В документе указано название закупки на выполнение работ по ремонту офисной техники в г. Краснодар для ООО ""Сбербанк-Сервис"" с суммой 490 000 рублей и датой 2025-10-31. В поле anomaly_flags присутствует флаг 'cancelled_procedure'.","Наличие флага 'cancelled_procedure' указывает на то, что процедура закупки была отменена или приостановлена. Это требует дополнительной проверки для выяснения причин (например, несоответствие требованиям закона, изменение потребностей заказчика или технические ошибки). Отсутствие информации о победителе и итоговой стоимости контракта подтверждает статус незавершенной процедуры.","Отмена закупки может свидетельствовать о необходимости пересмотра условий тендера, изменения технического задания или выявления нарушений на этапе планирования. Это событие важно для мониторинга эффективности расходования средств и соблюдения процедурных норм.","В предоставленных данных отсутствуют конкретные причины отмены процедуры, информация об участниках (поставщиках), которые могли принять участие в закупке до её отмены, а также детали о том, на какой стадии процесса произошла отмена. Документальная верификация требуется для подтверждения фактов."
purchase-82989725,82989725,Запрос КП (формирование НМЦД) на поставку ЗИП для печатной техники,0.0,other,cancelled_procedure,,,,,0,В документе зафиксирован статус 'cancelled_procedure' (отмененная процедура) для запроса коммерческих предложений на поставку ЗИП для печатной техники. Сумма закупки указана как 0 рублей.,"Отсутствие суммы и наличие флага отмены указывают на то, что документ требует дополнительной проверки подлинности или подтверждения статуса процедуры в реестре закупок.",,"Доступны только заголовок, дата, статус отмены и отсутствие финансовой информации; отсутствуют данные о причинах отмены или участниках."
purchase-133529447,133529447,"Интернет 15 Мбит/с по адресу: Челябинская область, г. Троицк, ул. Им. М.М. Володарского, дом 10",0.0,it_and_telecom,,IT и телекоммуникации (Интернет),0.95,,,0,"В документе указано объявление о закупке услуг интернета с пропускной способностью 15 Мбит/с для адреса в г. Троицк (Челябинская область) от компании Сбербанк-Сервис на дату 27 октября 2025 года. Сумма контракта указана как 0,0 рублей.","Отсутствие суммы контракта является фактом отсутствия этой информации в предоставленном фрагменте данных или указывает на то, что это предварительное уведомление без детализации бюджета. Отсутствие флагов аномалий не подтверждает отсутствие рисков, но требует проверки полноты документа.",Необходимо запросить полный текст закупочной документации для подтверждения суммы контракта и выявления потенциальных участников или условий выбора поставщика.,"Анализ ограничен только предоставленными полями JSON; отсутствуют данные о процедуре закупок, истории цен на аналогичные услуги в регионе и перечне возможных исполнителей."
purchase-34960200,34960200,Заключение договора на предоставление Интернета,0.0,it_and_telecom,,IT и телекоммуникации: услуги связи (Интернет),0.95,,единственного поставщика|нарушен,1,"В документе указано заключение договора на предоставление услуг Интернета для ООО ""СБЕРБАНК-СЕРВИС"" от 23 октября 2025 года. Сумма контракта не указана (значение отсутствует). Флаги аномалий отсутствуют.","Отсутствие суммы в исходных данных требует дополнительной проверки документации для оценки финансового объема сделки и потенциальных рисков ценообразования или закупки у единственного поставщика, если сумма будет ниже порога открытого конкурса. Отсутствие флагов не подтверждает отсутствие нарушений, но указывает на формальное соответствие текущим проверочным критериям.","Необходимо запросить полный текст извещения и сопутствующую документацию для подтверждения суммы контракта, идентификации потенциальных поставщиков и оценки соответствия процедур закупки законодательству РФ в сфере государственных или корпоративных закупок.",Анализ ограничен предоставленными метаданными; отсутствие явного указания на сумму делает невозможным оценку ценовых рисков или определение статуса единственного поставщика без доступа к полному тексту извещения.
purchase-25809563,25809563,Заключение договора на предоставление Интернета,0.0,it_and_telecom,,IT и телекоммуникации (Интернет-соединение),0.95,,нарушен,1,"В документе указано заключение договора на предоставление услуг Интернета для ООО ""СБЕРБАНК-СЕРВИС"" от 23 октября 2025 года. Сумма контракта указана как 0 рублей.","Отсутствие суммы контракта (значение 0) является аномалией, так как закупка услуг связи всегда подразумевает финансовую стоимость. Отсутствие флага нарушения не подтверждает законность процедуры или корректности данных о цене; это требует дополнительной проверки исходных документов.","Необходимо запросить и проверить полный текст извещения для уточнения суммы контракта, условий оплаты и обоснования отсутствия начальной стоимости в текущей форме уведомления. Это может быть связано с ошибкой ввода данных или специфической формой предварительного объявления.","Анализ ограничен только предоставленными полями JSON; отсутствуют данные о потенциальных поставщиках, условиях конкурса или исторических ценах на аналогичные услуги."
purchase-74992496,74992496,Закупка ЗИП для CUSTOM VKP80 II,0.0,other,cancelled_procedure,Закупка запчастей и принадлежностей для оборудования CUSTOM VKP80 II с отмененной процедурой,1.0,,нарушен|прозрачн,1,"В документе указана закупка запчастей и принадлежностей (ЗИП) для оборудования CUSTOM VKP80 II от имени ООО ""СБЕРБАНК-СЕРВИС"" на дату 2025-10-22. Сумма контракта не указана (0,0 руб.). В поле аномалий присутствует флаг 'cancelled_procedure' (отмененная процедура).","Наличие флага отмены процедуры указывает на то, что исходный тендер или запрос котировок был прекращен. Отсутствие суммы контракта и деталей о причинах отмены требует дополнительной проверки.","Отмена закупочной процедуры может свидетельствовать об изменении потребностей заказчика в товаре/услуге, технических несоответствиях предложений участников, выявленных нарушениях при проведении процедуры или административном решении. Это событие снижает прозрачность процесса до момента публикации новых данных.","Данные отсутствуют: неизвестны причины отмены, нет информации о повторных процедурах, отсутствии победителя в предыдущем раунде и конкретных условиях закупки."
purchase-67532985,67532985,Закупка лент и отражателей для ТВ,0.0,other,cancelled_procedure,Закупка лент и отражателей для ТВ (ОГРН: отсутствует),,False,прозрачн,1,"В документе указана закупка оборудования 'ленты и отражатели' на сумму 0 рублей с флагом аномалии 'отмененная процедура'. Дата публикации — 21 октября 2025 года. Покупатель: ООО ""СБЕРБАНК-СЕРВИС"".","Флаг 'cancelled_procedure' указывает на прекращение процедуры закупки, однако отсутствие суммы (0 рублей) и деталей отмены делает невозможным вывод о причинах или участниках. Требуется дополнительная проверка для подтверждения статуса сделки.",Отсутствие финансовой информации и причин отмены снижает прозрачность процесса; требуется верификация документа в реестре закупок.,"Данные отсутствуют: сумма контракта, причины отмены, даты начала/окончания процедуры. Вероятность ошибки или неполноты данных высока."
